configuration;K;N;test;hazard_probability;unavail;buildtime(msec);executiontime(msec);
IL-PIR-US-MWR-VIP;3;5;Event(T)-TRAFFIC(F)-TEMP(F);1.3118870923701493E-5;0.3473216117967068;
424.58524;420.81052;
IL-PIR-US-MWR-VIP;3;5;Event(T)-TRAFFIC(T)-TEMP(F);3.8534051313416533E-4;0.43344373481978477;
424.58524;420.81052;
IL-PIR-US-MWR-VIP;3;5;Event(T)-TRAFFIC(F)-TEMP(T);4.852860190569321E-5;0.36951731481662986;
424.58524;420.81052;
IL-PIR-US-MWR-VIP;3;5;Event(T)-TRAFFIC(F)-TEMP(F);1.3118870923701493E-5;0.3473216117967068;
33.4193;172.5145;
IL-PIR-US-MWR-VIP;3;5;Event(T)-TRAFFIC(T)-TEMP(F);3.8534051313416533E-4;0.43344373481978477;
33.4193;172.5145;
IL-PIR-US-MWR-VIP;3;5;Event(T)-TRAFFIC(F)-TEMP(T);4.852860190569321E-5;0.36951731481662986;
33.4193;172.5145;
IL-PIR-US-MWR-VIP;4;5;Event(T)-TRAFFIC(F)-TEMP(F);6.701608993380609E-8;0.7573225001009607;
30.6996;168.77039;
IL-PIR-US-MWR-VIP;4;5;Event(T)-TRAFFIC(T)-TEMP(F);3.8052659267535964E-6;0.8565820243709419;
30.6996;168.77039;
IL-PIR-US-MWR-VIP;4;5;Event(T)-TRAFFIC(F)-TEMP(T);3.1929720381775856E-7;0.7776431713433429;
30.6996;168.77039;
